{"data":[{"GPOChanges":{"LocalAdmins":[],"RemoteDesktopUsers":[],"DcomUsers":[],"PSRemoteUsers":[],"AffectedComputers":[]},"Properties":{"domain":"MYLAB.LOCAL","name":"MYLAB.LOCAL","distinguishedname":"DC=MYLAB,DC=LOCAL","domainsid":"S-1-5-21-1333368235-828418111-1849936505","doesanyacegrantownerrights":false,"doesanyinheritedacegrantownerrights":false,"isaclprotected":false,"whencreated":1742158044,"expirepasswordsonsmartcardonlyaccounts":true,"machineaccountquota":10,"minpwdlength":7,"pwdproperties":1,"pwdhistorylength":24,"lockoutthreshold":0,"minpwdage":"1 day","maxpwdage":"42 days","lockoutduration":"10 minutes","lockoutobservationwindow":-6000000000,"functionallevel":"2016","dsheuristics":null,"collected":true},"ChildObjects":[],"Trusts":[],"Links":[{"IsEnforced":false,"GUID":"CD3A9B14-C932-416E-8E01-1C8C8FAEF125"}],"InheritanceHashes":["62C26D4FB3FF64505B03CDD35D648DFBC6C157CC","8A7E70B9447D3D266713CC63539109610AAA6F86","2F0A9A0646E6604C2B6894926F09E51DBA3F5583","1948CC71A78F62D58398E26A062EF44E559C2437","53D3D840937EF1063F743F1D7C43F642B95F1D41","20671B850928AD1D86E5C695CBFB97E5895572E9","6AAAE7B1A84D5B966BCE19190377A48DBB4CFD78","C8CE4AAA5C895484A901F72D613EFA95438BFA1A","3394B12047D813D8E785125F70F036295659396E","82F1118FBA43CD2991735436A4256B6401296391","8C74E47810A59795113F55CA35B1B0DBD66C3F83","82CDB193747C1F5C2D0BE388A2B7581B8224D361","DD535FBD6F04B9160C8671CC680E942E29CB9B0E","1E2C5E5D6036945B25A0266659639802036FDAE6","59E396EE9D1563738E09F4AFF5AD9F6A2B49ED81","79E657916A6257A3890516F4B5C5749385CE5F20","EE7C62BD0BDA67AA9375734AD13D1B6CC290585E","743D89658154E650805272325F934263D6151DED","B6558A8F4A0E7763D7A4B70E4EDA03989DA879C1","D94A9B0FCD0C866F6DF0AF15267D5F8B30540C05","211865054F5764B5BF635446923A438F220E8636","A8271C611A640CBFAE0E791B9219651437841D4D","9CEAE3A7CE96082F102326F4F621051F3494E681","F096D3004C3AD04F643D5D44271E33B473197D96","F0A68415F9DB3629EE891DB15746B1ACE04ADAE8","E082BB29AF57AA93B8BA76177EBC2E458547707D","249B74BB71A514FA64267D87B4F6A777E301AF04","B06E43F451E2DD08AEF151837CD59C66B7458ED9","16FF7EF99D5872999C3CECD6866A2CBD16F2FD72","EFD612D2FDDBD09C9B50499A333DF166E98516E3","DDBBDF8654F2B8211312734E18CCBC44EDBF8CC3","2D9EF6BA0BE9DE6436094FC958AF962D9F5D5BC7","1BD7F69D2DFAE3A61C3C143E10ED151506F261F5","4DF93C1C09EEC67F28261E84EC01FB6392442487","1F8DAFA385A8ABF0E8219284874F4F1BB014028E","392C4A7E0D8B7EC4B23FD5BDE1D092960F530B21"],"ForestRootIdentifier":"S-1-5-21-1333368235-828418111-1849936505","Aces":[{"PrincipalSID":"MYLAB.LOCAL-S-1-5-32-544","PrincipalType":"Group","RightName":"Owns","IsInherited":false,"InheritanceHash":""},{"PrincipalSID":"MYLAB.LOCAL-S-1-5-32-544","PrincipalType":"Group","RightName":"WriteDacl","IsInherited":false,"InheritanceHash":""},{"PrincipalSID":"MYLAB.LOCAL-S-1-5-32-544","PrincipalType":"Group","RightName":"WriteOwner","IsInherited":false,"InheritanceHash":""},{"PrincipalSID":"MYLAB.LOCAL-S-1-5-32-544","PrincipalType":"Group","RightName":"AllExtendedRights","IsInherited":false,"InheritanceHash":""},{"PrincipalSID":"MYLAB.LOCAL-S-1-5-32-544","PrincipalType":"Group","RightName":"GenericWrite","IsInherited":false,"InheritanceHash":""},{"PrincipalSID":"S-1-5-21-1333368235-828418111-1849936505-512","PrincipalType":"Group","RightName":"WriteDacl","IsInherited":false,"InheritanceHash":""},{"PrincipalSID":"S-1-5-21-1333368235-828418111-1849936505-512","PrincipalType":"Group","RightName":"WriteOwner","IsInherited":false,"InheritanceHash":""},{"PrincipalSID":"S-1-5-21-1333368235-828418111-1849936505-512","PrincipalType":"Group","RightName":"AllExtendedRights","IsInherited":false,"InheritanceHash":""},{"PrincipalSID":"S-1-5-21-1333368235-828418111-1849936505-512","PrincipalType":"Group","RightName":"GenericWrite","IsInherited":false,"InheritanceHash":""},{"PrincipalSID":"S-1-5-21-1333368235-828418111-1849936505-519","PrincipalType":"Group","RightName":"GenericAll","IsInherited":false,"InheritanceHash":""},{"PrincipalSID":"MYLAB.LOCAL-S-1-5-9","PrincipalType":"Group","RightName":"GetChangesInFilteredSet","IsInherited":false,"InheritanceHash":""},{"PrincipalSID":"MYLAB.LOCAL-S-1-5-9","PrincipalType":"Group","RightName":"GetChanges","IsInherited":false,"InheritanceHash":""},{"PrincipalSID":"MYLAB.LOCAL-S-1-5-32-544","PrincipalType":"Group","RightName":"GetChangesAll","IsInherited":false,"InheritanceHash":""},{"PrincipalSID":"MYLAB.LOCAL-S-1-5-32-544","PrincipalType":"Group","RightName":"GetChangesInFilteredSet","IsInherited":false,"InheritanceHash":""},{"PrincipalSID":"MYLAB.LOCAL-S-1-5-32-544","PrincipalType":"Group","RightName":"GetChanges","IsInherited":false,"InheritanceHash":""},{"PrincipalSID":"S-1-5-21-1333368235-828418111-1849936505-498","PrincipalType":"Group","RightName":"GetChanges","IsInherited":false,"InheritanceHash":""},{"PrincipalSID":"S-1-5-21-1333368235-828418111-1849936505-516","PrincipalType":"Group","RightName":"GetChangesAll","IsInherited":false,"InheritanceHash":""}],"ObjectIdentifier":"S-1-5-21-1333368235-828418111-1849936505","IsDeleted":false,"IsACLProtected":false,"ContainedBy":null}],"meta":{"methods":7107563,"type":"domains","count":1,"version":6,"collectorversion":"2.6.1.0"}}